{
  "phase": "Phase 17 - Simplified Advanced Quantum-Inspired ML",
  "container_ip": "10.1.1.174",
  "timestamp": "2025-08-20T17:36:21.379161",
  "modules": {
    "enhanced_portfolio_strategies": {
      "module": "Enhanced Portfolio Strategies",
      "market_analysis": {
        "regime": "high_volatility",
        "confidence": 1.0,
        "volatility": 2.284789207174775,
        "trend_score": 0.2614554235424042,
        "momentum": -0.0022898998962049646
      },
      "strategy_allocations": {
        "momentum": 0.05,
        "mean_reversion": 0.1,
        "risk_parity": 0.5,
        "factor_based": 0.05,
        "quantum_inspired": 0.3
      },
      "strategy_performance": {
        "momentum": {
          "mean_return": 0.002476336323062961,
          "volatility": 0.013199813955607284,
          "sharpe": 0.18760388073583512
        },
        "mean_reversion": {
          "mean_return": -0.00039168762660597836,
          "volatility": 0.011776023124008909,
          "sharpe": -0.03326145189095351
        },
        "risk_parity": {
          "mean_return": -0.0013284108494340857,
          "volatility": 0.008670998745512852,
          "sharpe": -0.15320159631224994
        },
        "factor_based": {
          "mean_return": 0.0043063474257543114,
          "volatility": 0.011603678478463907,
          "sharpe": 0.37111916137169504
        },
        "quantum_inspired": {
          "mean_return": 0.0030748133884367554,
          "volatility": 0.012095395546417536,
          "sharpe": 0.25421354569487115
        }
      },
      "lxc_performance": {
        "computation_time_ms": 1.3506412506103516,
        "memory_efficient": true,
        "data_points_processed": 60
      }
    },
    "advanced_market_sentiment": {
      "module": "Advanced Market Sentiment Analysis",
      "price_analysis": {
        "price_sentiment": 0.04115047584291845,
        "confidence": 0.8467255766668377,
        "volatility_adjusted": 0.0348431603882099
      },
      "technical_analysis": {
        "technical_sentiment": -0.12421695339693563,
        "rsi": 78.74293375221751,
        "rsi_sentiment": -0.291431125073917,
        "macd_signal": 0.04299721828004574
      },
      "combined_sentiment": {
        "score": -0.06059290788287741,
        "classification": "bearish",
        "confidence": 0.8467255766668377
      },
      "market_data_summary": {
        "price_range": "89.19 - 106.59",
        "avg_volume": 10391.044673277434,
        "data_points": 50
      },
      "lxc_performance": {
        "computation_time_ms": 0.3859996795654297,
        "memory_efficient": true,
        "indicators_computed": 4
      }
    },
    "quantum_risk_management": {
      "module": "Quantum-Inspired Risk Management",
      "risk_assessment": {
        "risk_score": 1,
        "risk_level": "medium",
        "metrics": {
          "volatility": 0.014133939315392264,
          "sharpe_ratio": 0.017818070894888544,
          "max_drawdown": -0.10264002469403323,
          "mean_return": 0.0002518395327457118
        },
        "var_analysis": {
          "var": -0.022504707061273287,
          "cvar": -0.02985242825312262,
          "standard_var": -0.022240310136547196,
          "quantum_enhancement": 1.0118881851513217,
          "confidence": 0.95
        },
        "warnings": [
          "Sharpe ratio below minimum: 0.018 < 0.5"
        ]
      },
      "var_analysis": {
        "var": -0.022504707061273287,
        "cvar": -0.02985242825312262,
        "standard_var": -0.022240310136547196,
        "quantum_enhancement": 1.0118881851513217,
        "confidence": 0.95
      },
      "additional_metrics": {
        "beta": -0.032010435788738675,
        "tracking_error": 0.01818479062082339,
        "information_ratio": -0.07866263427568901
      },
      "quantum_features": {
        "coherence_enhancement": 1.0118881851513217,
        "interference_modeling": true,
        "autocorr_analysis": true
      },
      "lxc_performance": {
        "computation_time_ms": 3.95965576171875,
        "memory_efficient": true,
        "returns_analyzed": 100
      }
    }
  },
  "summary": {
    "total_modules": 3,
    "all_successful": true,
    "total_computation_time_ms": 5.696296691894531,
    "lxc_optimization": "Production-Ready",
    "advanced_features": 12
  }
}